driftable,sol_number,solution_name,pressure,orifice_size,nozzle,.pred,.pred_lower,.pred_upper,category
1.7039999999999131,1,water,40,0.3,AI80,735.3553333334058,715.114866589026,755.5958000777857,UC
1.5673333333331998,2,dicamba,40,0.3,AI80,736.9253333333595,716.6848665889759,757.1658000777431,UC
3.0660000000002174,3,glyphosate,40,0.3,AI80,665.3446666666907,645.104199922306,685.5851334110755,XC
3.1026666666664284,4,dicamba + glyphosate,40,0.3,AI80,653.1993333333448,632.9588665889613,673.4398000777284,XC
2.81800000000002,5,dicamba + glyphosate + DRA 2,40,0.3,AI80,708.874666666686,688.6341999223018,729.1151334110702,UC
2.1542857142857477,6,dicamba + glyphosate + clethodim + DRA 2,40,0.3,AI80,782.7107619047691,759.7602298652632,805.661293944275,UC
1.7799999999999268,7,dicamba + glyphosate + clethodim + acetochlor + DRA 2,40,0.3,AI80,762.5533333333535,742.3128665889693,782.7938000777377,UC
2.4426666666666197,8,dicamba + glyphosate + clethodim + *S*-metolachlor + DRA 2,40,0.3,AI80,755.0320000000122,734.7915332556281,775.2724667443963,UC
2.183333333333329,9,dicamba + glyphosate + DRA 1,40,0.3,AI80,782.1160000000139,761.8755332556294,802.3564667443983,UC
1.5593333333333412,10,dicamba + glyphosate + clethodim + DRA 1,40,0.3,AI80,761.6826666666767,741.4421999222928,781.9231334110606,UC
1.3659999999999577,11,dicamba + glyphosate + clethodim + acetochlor + DRA 1,40,0.3,AI80,785.9633333333455,765.7228665889617,806.2038000777294,UC
2.1313333333333366,12,dicamba + glyphosate + clethodim + *S*-metolachlor + DRA 1,40,0.3,AI80,750.2526666666797,730.0121999222955,770.4931334110639,UC
4.104666666666695,13,dicamba + glyphosate + glufosinate,40,0.3,AI80,632.5300000000115,612.2895332556274,652.7704667443955,XC
2.9620000000000304,14,dicamba + glyphosate + glufosinate + DRA 2,40,0.3,AI80,766.3280000000075,746.0875332556235,786.5684667443915,UC
2.660666666666632,15,dicamba + glyphosate + glufosinate + DRA 1,40,0.3,AI80,781.5280000000123,761.2875332556281,801.7684667443965,UC
2.153333333333301,16,dicamba + glyphosate + glufosinate + clethodim + DRA 2,40,0.3,AI80,790.2013333333441,769.96086658896,810.4418000777282,UC
1.4599999999999678,17,dicamba + glyphosate + glufosinate + clethodim+ DRA 1,40,0.3,AI80,823.3726666666772,803.1321999222931,843.6131334110613,UC
1.7506666666665016,1,water,40,0.5,AI80,752.0106666666537,731.7701999222695,772.2511334110379,UC
1.6333333333332223,2,dicamba,40,0.5,AI80,767.195333333361,746.9548665889766,787.4358000777453,UC
3.563333333333567,3,glyphosate,40,0.5,AI80,667.5280000000248,647.2875332556403,687.7684667444094,XC
3.6966666666664474,4,dicamba + glyphosate,40,0.5,AI80,649.7480000000147,629.5075332556305,669.9884667443989,XC
2.8820000000000174,5,dicamba + glyphosate + DRA 2,40,0.5,AI80,768.6286666666887,748.3881999223048,788.8691334110725,UC
2.410000000000042,6,dicamba + glyphosate + clethodim + DRA 2,40,0.5,AI80,763.1706666666761,742.930199922292,783.4111334110602,UC
2.025999999999938,7,dicamba + glyphosate + clethodim + acetochlor + DRA 2,40,0.5,AI80,759.631333333352,739.3908665889682,779.8718000777359,UC
2.807999999999971,8,dicamba + glyphosate + clethodim + *S*-metolachlor + DRA 2,40,0.5,AI80,737.3360000000116,717.0955332556274,757.5764667443958,UC
2.6040000000000134,9,dicamba + glyphosate + DRA 1,40,0.5,AI80,765.3046666666811,745.064199922297,785.5451334110652,UC
2.0393333333333645,10,dicamba + glyphosate + clethodim + DRA 1,40,0.5,AI80,745.8953333333433,725.6548665889592,766.1358000777274,UC
1.607333333333302,11,dicamba + glyphosate + clethodim + acetochlor + DRA 1,40,0.5,AI80,760.3160000000128,740.0755332556284,780.5564667443971,UC
2.582666666666688,12,dicamba + glyphosate + clethodim + *S*-metolachlor + DRA 1,40,0.5,AI80,723.7726666666794,703.5321999222951,744.0131334110636,UC
4.874666666666717,13,dicamba + glyphosate + glufosinate,40,0.5,AI80,627.0073333333443,606.76686658896,647.2478000777285,XC
3.361333333333379,14,dicamba + glyphosate + glufosinate + DRA 2,40,0.5,AI80,753.0646666666737,732.8241999222895,773.3051334110579,UC
3.6326666666666467,15,dicamba + glyphosate + glufosinate + DRA 1,40,0.5,AI80,734.8673333333459,714.6268665889618,755.10780007773,UC
2.4706666666666486,16,dicamba + glyphosate + glufosinate + clethodim + DRA 2,40,0.5,AI80,759.2586666666779,739.0181999222938,779.499133411062,UC
1.981333333333318,17,dicamba + glyphosate + glufosinate + clethodim+ DRA 1,40,0.5,AI80,746.0453333333447,725.8048665889606,766.2858000777288,UC
2.575333333333343,1,water,40,0.3,AI110,645.1180000000202,624.8775332556371,665.3584667444032,XC
2.413333333333037,2,dicamba,40,0.3,AI110,647.017333333357,626.7768665889727,667.2578000777413,XC
4.812000000000061,3,glyphosate,40,0.3,AI110,580.4840000000205,560.2435332556362,600.7244667444048,XC
5.101999999999602,4,dicamba + glyphosate,40,0.3,AI110,568.0300000000096,547.7895332556254,588.2704667443938,XC
3.6999999999998163,5,dicamba + glyphosate + DRA 2,40,0.3,AI110,700.0953333333528,679.8548665889684,720.3358000777371,XC
3.125999999999867,6,dicamba + glyphosate + clethodim + DRA 2,40,0.3,AI110,690.7726666666716,670.5321999222875,711.0131334110557,XC
2.540666666666419,7,dicamba + glyphosate + clethodim + acetochlor + DRA 2,40,0.3,AI110,689.7526666666831,669.5121999222988,709.9931334110674,XC
3.480666666666465,8,dicamba + glyphosate + clethodim + *S*-metolachlor + DRA 2,40,0.3,AI110,671.0206666666734,650.7801999222893,691.2611334110575,XC
3.4319999999998148,9,dicamba + glyphosate + DRA 1,40,0.3,AI110,675.4640000000095,655.2235332556253,695.7044667443937,XC
2.55399999999986,10,dicamba + glyphosate + clethodim + DRA 1,40,0.3,AI110,661.496666666671,641.2561999222869,681.7371334110551,XC
2.102666666666452,11,dicamba + glyphosate + clethodim + acetochlor + DRA 1,40,0.3,AI110,695.5213333333417,675.2808665889575,715.7618000777259,XC
3.4939999999998395,12,dicamba + glyphosate + clethodim + *S*-metolachlor + DRA 1,40,0.3,AI110,640.7640000000079,620.5235332556238,661.004466744392,XC
6.435333333333194,13,dicamba + glyphosate + glufosinate,40,0.3,AI110,549.7026666666732,529.462199922289,569.9431334110574,XC
4.422666666666528,14,dicamba + glyphosate + glufosinate + DRA 2,40,0.3,AI110,678.6073333333367,658.3668665889525,698.8478000777209,XC
4.111333333333136,15,dicamba + glyphosate + glufosinate + DRA 1,40,0.3,AI110,677.008000000008,656.7675332556239,697.2484667443921,XC
3.2086666666664625,16,dicamba + glyphosate + glufosinate + clethodim + DRA 2,40,0.3,AI110,706.0753333333398,685.8348665889557,726.3158000777239,XC
2.3833333333331326,17,dicamba + glyphosate + glufosinate + clethodim+ DRA 1,40,0.3,AI110,717.5313333333394,697.2908665889553,737.7718000777235,XC
1.4960000000000337,1,water,40,0.3,TADFD,765.0979999999935,744.8575332556102,785.3384667443768,UC
2.0639999999998198,2,dicamba,40,0.3,TADFD,720.6206666666869,700.3801999223024,740.8611334110715,UC
3.252000000000174,3,glyphosate,40,0.3,TADFD,635.2260000000169,614.9855332556328,655.466466744401,XC
3.2044761904758903,4,dicamba + glyphosate,40,0.3,TADFD,624.8733333333397,601.9228012938339,647.8238653728455,XC
2.1653333333332703,5,dicamba + glyphosate + DRA 2,40,0.3,TADFD,744.8446666666807,724.6041999222966,765.0851334110648,UC
1.9426666666666452,6,dicamba + glyphosate + clethodim + DRA 2,40,0.3,TADFD,748.1980000000001,727.9575332556159,768.4384667443843,UC
1.2559999999998657,7,dicamba + glyphosate + clethodim + acetochlor + DRA 2,40,0.3,TADFD,791.9960000000121,771.7555332556279,812.2364667443964,UC
2.02066666666655,8,dicamba + glyphosate + clethodim + *S*-metolachlor + DRA 2,40,0.3,TADFD,751.0786666666705,730.8381999222865,771.3191334110545,UC
1.673333333333265,9,dicamba + glyphosate + DRA 1,40,0.3,TADFD,785.8000000000056,765.5595332556215,806.0404667443897,UC
1.3819999999999546,10,dicamba + glyphosate + clethodim + DRA 1,40,0.3,TADFD,778.9233333333327,758.6828665889484,799.163800077717,UC
1.0186666666665578,11,dicamba + glyphosate + clethodim + acetochlor + DRA 1,40,0.3,TADFD,853.069333333338,832.8288665889539,873.3098000777221,UC
1.9313333333332783,12,dicamba + glyphosate + clethodim + *S*-metolachlor + DRA 1,40,0.3,TADFD,754.2606666666713,734.0201999222871,774.5011334110555,UC
4.446666666666637,13,dicamba + glyphosate + glufosinate,40,0.3,TADFD,600.4700000000021,580.229533255618,620.7104667443862,XC
2.9346666666666312,14,dicamba + glyphosate + glufosinate + DRA 2,40,0.3,TADFD,717.3306666666657,697.0901999222816,737.5711334110498,UC
2.3839999999999066,15,dicamba + glyphosate + glufosinate + DRA 1,40,0.3,TADFD,772.4840000000032,752.2435332556191,792.7244667443873,UC
2.017333333333238,16,dicamba + glyphosate + glufosinate + clethodim + DRA 2,40,0.3,TADFD,740.949333333336,720.7088665889519,761.1898000777201,UC
1.3286666666665727,17,dicamba + glyphosate + glufosinate + clethodim+ DRA 1,40,0.3,TADFD,817.0653333333354,796.8248665889513,837.3058000777195,UC
1.1900000000000062,1,water,40,0.6,TADFD,799.2073333333253,778.9668665889416,819.4478000777091,UC
1.555333333333154,2,dicamba,40,0.6,TADFD,799.1813333333527,778.9408665889686,819.4218000777367,UC
2.9933333333335126,3,glyphosate,40,0.6,TADFD,699.7733333333498,679.5328665889656,720.013800077734,UC
3.1226666666663725,4,dicamba + glyphosate,40,0.6,TADFD,680.3606666666734,660.1201999222891,700.6011334110577,XC
2.0826666666666145,5,dicamba + glyphosate + DRA 2,40,0.6,TADFD,823.2693333333478,803.0288665889635,843.5098000777322,UC
1.5733333333333048,6,dicamba + glyphosate + clethodim + DRA 2,40,0.6,TADFD,824.3453333333342,804.1048665889501,844.5858000777183,UC
1.2366666666665294,7,dicamba + glyphosate + clethodim + acetochlor + DRA 2,40,0.6,TADFD,838.6373333333447,818.3968665889605,858.8778000777289,UC
1.7953333333332246,8,dicamba + glyphosate + clethodim + *S*-metolachlor + DRA 2,40,0.6,TADFD,802.6460000000054,782.4055332556211,822.8864667443897,UC
1.7859999999999339,9,dicamba + glyphosate + DRA 1,40,0.6,TADFD,851.4940000000063,831.2535332556222,871.7344667443904,UC
1.3579999999999586,10,dicamba + glyphosate + clethodim + DRA 1,40,0.6,TADFD,819.3173333333339,799.0768665889497,839.5578000777181,UC
0.8773333333332275,11,dicamba + glyphosate + clethodim + acetochlor + DRA 1,40,0.6,TADFD,858.9920000000049,838.7515332556208,879.232466744389,UC
1.8686666666666145,12,dicamba + glyphosate + clethodim + *S*-metolachlor + DRA 1,40,0.6,TADFD,788.8046666666716,768.5641999222873,809.0451334110558,UC
4.034666666666639,13,dicamba + glyphosate + glufosinate,40,0.6,TADFD,658.9480000000026,638.7075332556184,679.1884667443868,XC
2.491999999999975,14,dicamba + glyphosate + glufosinate + DRA 2,40,0.6,TADFD,807.7486666666656,787.5081999222814,827.9891334110498,UC
2.303333333333243,15,dicamba + glyphosate + glufosinate + DRA 1,40,0.6,TADFD,834.6306666666703,814.3901999222862,854.8711334110544,UC
1.5433333333332402,16,dicamba + glyphosate + glufosinate + clethodim + DRA 2,40,0.6,TADFD,801.4160000000035,781.1755332556194,821.6564667443876,UC
1.0699999999999128,17,dicamba + glyphosate + glufosinate + clethodim+ DRA 1,40,0.6,TADFD,870.5560000000019,850.3155332556178,890.796466744386,UC
1.105999999999795,1,water,40,0.3,TDXLD,792.6726666666748,772.4321999222918,812.9131334110577,UC
1.5353333333330879,2,dicamba,40,0.3,TDXLD,745.308000000025,725.0675332556409,765.5484667444091,UC
2.606666666666776,3,glyphosate,40,0.3,TDXLD,666.9100000000203,646.6695332556362,687.1504667444044,XC
2.846666666666313,4,dicamba + glyphosate,40,0.3,TDXLD,655.4173333333449,635.1768665889607,675.6578000777291,XC
1.8326666666665519,5,dicamba + glyphosate + DRA 2,40,0.3,TDXLD,801.8380000000177,781.5975332556337,822.0784667444017,UC
1.803333333333248,6,dicamba + glyphosate + clethodim + DRA 2,40,0.3,TDXLD,809.8580000000055,789.6175332556214,830.0984667443896,UC
1.2473333333331342,7,dicamba + glyphosate + clethodim + acetochlor + DRA 2,40,0.3,TDXLD,858.6180000000182,838.377533255634,878.8584667444024,UC
1.9533333333331555,8,dicamba + glyphosate + clethodim + *S*-metolachlor + DRA 2,40,0.3,TDXLD,797.0706666666747,776.8301999222908,817.3111334110586,UC
1.5853333333331887,9,dicamba + glyphosate + DRA 1,40,0.3,TDXLD,793.862666666678,773.6221999222938,814.1031334110622,UC
1.3033333333332398,10,dicamba + glyphosate + clethodim + DRA 1,40,0.3,TDXLD,825.2553333333382,805.0148665889541,845.4958000777223,UC
0.9433333333331572,11,dicamba + glyphosate + clethodim + acetochlor + DRA 1,40,0.3,TDXLD,892.2293333333437,871.9888665889596,912.4698000777278,UC
1.8099999999998762,12,dicamba + glyphosate + clethodim + *S*-metolachlor + DRA 1,40,0.3,TDXLD,787.8280000000101,767.587533255626,808.0684667443942,UC
3.9273333333332463,13,dicamba + glyphosate + glufosinate,40,0.3,TDXLD,618.5566666666748,598.3161999222907,638.7971334110589,XC
2.529999999999899,14,dicamba + glyphosate + glufosinate + DRA 2,40,0.3,TDXLD,747.0733333333376,726.8328665889535,767.3138000777217,UC
2.153999999999839,15,dicamba + glyphosate + glufosinate + DRA 1,40,0.3,TDXLD,762.1666666666761,741.926199922292,782.4071334110602,UC
1.885999999999842,16,dicamba + glyphosate + glufosinate + clethodim + DRA 2,40,0.3,TDXLD,787.8800000000075,767.6395332556234,808.1204667443916,UC
1.195333333333175,17,dicamba + glyphosate + glufosinate + clethodim+ DRA 1,40,0.3,TDXLD,872.0066666666743,851.7661999222902,892.2471334110584,UC
0.9946666666664197,1,water,40,0.4,TDXLD,809.2226666666805,788.9821999222964,829.4631334110646,UC
1.3793333333330902,2,dicamba,40,0.4,TDXLD,767.3700000000244,747.1295332556404,787.6104667444085,UC
2.748000000000115,3,glyphosate,40,0.4,TDXLD,677.5700000000211,657.329533255637,697.8104667444052,XC
2.8673333333329856,4,dicamba + glyphosate,40,0.4,TDXLD,661.9713333333459,641.7308665889617,682.2118000777301,XC
1.9953333333332126,5,dicamba + glyphosate + DRA 2,40,0.4,TDXLD,792.0286666666873,771.7881999223032,812.2691334110714,UC
1.809999999999901,6,dicamba + glyphosate + clethodim + DRA 2,40,0.4,TDXLD,804.2040000000079,783.9635332556238,824.444466744392,UC
1.3619999999998038,7,dicamba + glyphosate + clethodim + acetochlor + DRA 2,40,0.4,TDXLD,830.7280000000173,810.4875332556333,850.9684667444014,UC
2.098666666666504,8,dicamba + glyphosate + clethodim + *S*-metolachlor + DRA 2,40,0.4,TDXLD,771.2860000000095,751.0455332556253,791.5264667443937,UC
1.7046666666665349,9,dicamba + glyphosate + DRA 1,40,0.4,TDXLD,797.8353333333442,777.5948665889601,818.0758000777283,UC
1.513999999999902,10,dicamba + glyphosate + clethodim + DRA 1,40,0.4,TDXLD,788.5766666666718,768.3361999222876,808.817133411056,UC
1.0719999999998326,11,dicamba + glyphosate + clethodim + acetochlor + DRA 1,40,0.4,TDXLD,830.0020000000096,809.7615332556255,850.2424667443937,UC
1.867333333333221,12,dicamba + glyphosate + clethodim + *S*-metolachlor + DRA 1,40,0.4,TDXLD,765.62000000001,745.3795332556259,785.8604667443941,UC
3.996666666666586,13,dicamba + glyphosate + glufosinate,40,0.4,TDXLD,623.7173333333415,603.4768665889574,643.9578000777256,XC
2.558666666666571,14,dicamba + glyphosate + glufosinate + DRA 2,40,0.4,TDXLD,760.4240000000043,740.1835332556202,780.6644667443884,UC
2.3193333333331765,15,dicamba + glyphosate + glufosinate + DRA 1,40,0.4,TDXLD,768.6940000000095,748.4535332556254,788.9344667443936,UC
2.051999999999847,16,dicamba + glyphosate + glufosinate + clethodim + DRA 2,40,0.4,TDXLD,777.2593333333415,757.0188665889574,797.4998000777256,UC
1.407999999999846,17,dicamba + glyphosate + glufosinate + clethodim+ DRA 1,40,0.4,TDXLD,809.2720000000082,789.0315332556241,829.5124667443923,UC
0.6793333333331907,1,water,40,0.5,TDXLD,890.0613333333481,869.8208665889639,910.3018000777323,UC
0.9313333333330979,2,dicamba,40,0.5,TDXLD,851.1086666666938,830.8681999223097,871.3491334110779,UC
1.972000000000126,3,glyphosate,40,0.5,TDXLD,739.0260000000206,718.7855332556366,759.2664667444047,UC
2.079333333333005,4,dicamba + glyphosate,40,0.5,TDXLD,722.8566666666798,702.6161999222956,743.097133411064,UC
1.5033333333332308,5,dicamba + glyphosate + DRA 2,40,0.5,TDXLD,860.9326666666853,840.6921999223013,881.1731334110694,UC
1.311999999999915,6,dicamba + glyphosate + clethodim + DRA 2,40,0.5,TDXLD,865.746666666674,845.5061999222899,885.987133411058,UC
1.043999999999814,7,dicamba + glyphosate + clethodim + acetochlor + DRA 2,40,0.5,TDXLD,878.0353333333512,857.7948665889671,898.2758000777353,UC
1.5473333333331776,8,dicamba + glyphosate + clethodim + *S*-metolachlor + DRA 2,40,0.5,TDXLD,832.8626666666758,812.6221999222915,853.10313341106,UC
1.2939999999998786,9,dicamba + glyphosate + DRA 1,40,0.5,TDXLD,846.3693333333463,826.1288665889622,866.6098000777304,UC
1.1546666666665897,10,dicamba + glyphosate + clethodim + DRA 1,40,0.5,TDXLD,843.2946666666735,823.0541999222894,863.5351334110576,UC
0.7546666666665081,11,dicamba + glyphosate + clethodim + acetochlor + DRA 1,40,0.5,TDXLD,885.8706666666774,865.6301999222933,906.1111334110615,UC
1.3033333333332293,12,dicamba + glyphosate + clethodim + *S*-metolachlor + DRA 1,40,0.5,TDXLD,823.2066666666776,802.9661999222935,843.4471334110617,UC
2.8539999999999264,13,dicamba + glyphosate + glufosinate,40,0.5,TDXLD,689.9300000000094,669.6895332556253,710.1704667443935,XC
2.0146666666665833,14,dicamba + glyphosate + glufosinate + DRA 2,40,0.5,TDXLD,809.2573333333384,789.0168665889543,829.4978000777224,UC
1.817333333333194,15,dicamba + glyphosate + glufosinate + DRA 1,40,0.5,TDXLD,815.2660000000103,795.0255332556262,835.5064667443944,UC
1.430666666666521,16,dicamba + glyphosate + glufosinate + clethodim + DRA 2,40,0.5,TDXLD,834.0893333333426,813.8488665889585,854.3298000777266,UC
1.1093333333331894,17,dicamba + glyphosate + glufosinate + clethodim+ DRA 1,40,0.5,TDXLD,848.6766666666757,828.4361999222916,868.9171334110598,UC
0.3999999999998525,1,water,40,0.6,TDXLD,985.5886666666796,965.3481999222955,1005.8291334110637,UC
0.6286666666664295,2,dicamba,40,0.6,TDXLD,949.3693333333586,929.1288665889745,969.6098000777426,UC
1.3246666666667872,3,glyphosate,40,0.6,TDXLD,809.6326666666893,789.3921999223052,829.8731334110734,UC
1.2679999999996605,4,dicamba + glyphosate,40,0.6,TDXLD,807.1620000000137,786.9215332556295,827.4024667443979,UC
1.1519999999999064,5,dicamba + glyphosate + DRA 2,40,0.6,TDXLD,928.2340000000185,907.9935332556344,948.4744667444025,UC
0.8933333333332478,6,dicamba + glyphosate + clethodim + DRA 2,40,0.6,TDXLD,921.1353333333411,900.894866588957,941.3758000777252,UC
0.7046666666664776,7,dicamba + glyphosate + clethodim + acetochlor + DRA 2,40,0.6,TDXLD,946.7626666666845,926.5221999223003,967.0031334110687,UC
0.9373333333331718,8,dicamba + glyphosate + clethodim + *S*-metolachlor + DRA 2,40,0.6,TDXLD,914.7600000000114,894.5195332556273,935.0004667443955,UC
0.8933333333332053,9,dicamba + glyphosate + DRA 1,40,0.6,TDXLD,929.383333333345,909.1428665889609,949.6238000777291,UC
0.6393333333332495,10,dicamba + glyphosate + clethodim + DRA 1,40,0.6,TDXLD,936.046000000006,915.8055332556219,956.28646674439,UC
0.46799999999983916,11,dicamba + glyphosate + clethodim + acetochlor + DRA 1,40,0.6,TDXLD,963.3700000000108,943.1295332556267,983.6104667443949,UC
0.8813333333332213,12,dicamba + glyphosate + clethodim + *S*-metolachlor + DRA 1,40,0.6,TDXLD,906.7173333333437,886.4768665889596,926.9578000777278,UC
1.7426666666665875,13,dicamba + glyphosate + glufosinate,40,0.6,TDXLD,766.4186666666757,746.1781999222916,786.6591334110598,UC
1.6966666666665784,14,dicamba + glyphosate + glufosinate + DRA 2,40,0.6,TDXLD,874.9073333333381,854.666866588954,895.1478000777222,UC
1.2753333333331844,15,dicamba + glyphosate + glufosinate + DRA 1,40,0.6,TDXLD,891.1833333333431,870.942866588959,911.4238000777272,UC
0.881333333333189,16,dicamba + glyphosate + glufosinate + clethodim + DRA 2,40,0.6,TDXLD,912.0100000000084,891.7695332556243,932.2504667443925,UC
0.6019999999998553,17,dicamba + glyphosate + glufosinate + clethodim+ DRA 1,40,0.6,TDXLD,951.8200000000077,931.5795332556236,972.0604667443918,UC
1.6693333333333054,1,water,40,0.4,ULD,683.818000000005,663.5775332556207,704.0584667443893,XC
1.7086666666665482,2,dicamba,40,0.4,ULD,698.2153333333508,677.9748665889668,718.4558000777348,UC
2.8973333333335605,3,glyphosate,40,0.4,ULD,603.9346666666808,583.6941999222968,624.1751334110647,XC
2.843333333333107,4,dicamba + glyphosate,40,0.4,ULD,600.0520000000047,579.8115332556207,620.2924667443887,XC
1.8320000000000054,5,dicamba + glyphosate + DRA 2,40,0.4,ULD,788.4806666666782,768.2401999222941,808.7211334110623,UC
1.890000000000042,6,dicamba + glyphosate + clethodim + DRA 2,40,0.4,ULD,765.2306666666655,744.9901999222815,785.4711334110494,UC
1.9653333333332612,7,dicamba + glyphosate + clethodim + acetochlor + DRA 2,40,0.4,ULD,737.1433333333437,716.9028665889596,757.3838000777278,UC
2.3719999999999697,8,dicamba + glyphosate + clethodim + *S*-metolachlor + DRA 2,40,0.4,ULD,723.3660000000016,703.1255332556174,743.6064667443858,UC
1.789999999999989,9,dicamba + glyphosate + DRA 1,40,0.4,ULD,745.3466666666701,725.106199922286,765.5871334110542,UC
1.7680000000000222,10,dicamba + glyphosate + clethodim + DRA 1,40,0.4,ULD,718.9386666666653,698.6981999222812,739.1791334110494,UC
1.658666666666631,11,dicamba + glyphosate + clethodim + acetochlor + DRA 1,40,0.4,ULD,727.8120000000043,707.5715332556202,748.0524667443884,UC
2.1380000000000097,12,dicamba + glyphosate + clethodim + *S*-metolachlor + DRA 1,40,0.4,ULD,708.48866666667,688.2481999222861,728.729133411054,UC
3.6700000000000372,13,dicamba + glyphosate + glufosinate,40,0.4,ULD,579.2893333333344,559.0488665889503,599.5298000777185,XC
1.9860000000000368,14,dicamba + glyphosate + glufosinate + DRA 2,40,0.4,ULD,775.7313333333316,755.4908665889475,795.9718000777157,UC
2.1299999999999675,15,dicamba + glyphosate + glufosinate + DRA 1,40,0.4,ULD,739.0100000000024,718.7695332556183,759.2504667443865,UC
1.66666666666664,16,dicamba + glyphosate + glufosinate + clethodim + DRA 2,40,0.4,ULD,796.9506666666679,776.7101999222838,817.191133411052,UC
1.834666666666643,17,dicamba + glyphosate + glufosinate + clethodim+ DRA 1,40,0.4,ULD,730.3766666666679,710.1361999222838,750.617133411052,UC
2.545333333333323,1,water,40,0.5,ULD,621.7640000000077,601.5235332556226,642.0044667443929,XC
2.93399999999989,2,dicamba,40,0.5,ULD,619.8626666666827,599.6221999222987,640.1031334110667,XC
4.334000000000226,3,glyphosate,40,0.5,ULD,554.6693333333466,534.4288665889627,574.9098000777304,XC
4.421333333333119,4,dicamba + glyphosate,40,0.5,ULD,540.8193333333375,520.5788665889534,561.0598000777215,XC
2.683333333333359,5,dicamba + glyphosate + DRA 2,40,0.5,ULD,735.38000000001,715.1395332556258,755.6204667443942,UC
2.7580000000000333,6,dicamba + glyphosate + clethodim + DRA 2,40,0.5,ULD,693.0866666666666,672.8461999222824,713.3271334110508,XC
2.6633333333332643,7,dicamba + glyphosate + clethodim + acetochlor + DRA 2,40,0.5,ULD,689.0246666666761,668.784199922292,709.2651334110602,XC
3.4926666666666293,8,dicamba + glyphosate + clethodim + *S*-metolachlor + DRA 2,40,0.5,ULD,656.3393333333348,636.0988665889508,676.5798000777188,XC
2.633999999999988,9,dicamba + glyphosate + DRA 1,40,0.5,ULD,691.3353333333376,671.0948665889536,711.5758000777217,UC
2.653333333333358,10,dicamba + glyphosate + clethodim + DRA 1,40,0.5,ULD,659.1159999999986,638.8755332556145,679.3564667443827,XC
2.4659999999999576,11,dicamba + glyphosate + clethodim + acetochlor + DRA 1,40,0.5,ULD,673.7486666666705,653.5081999222864,693.9891334110546,XC
3.136000000000012,12,dicamba + glyphosate + clethodim + *S*-metolachlor + DRA 1,40,0.5,ULD,646.4146666666701,626.174199922286,666.6551334110542,XC
5.544666666666704,13,dicamba + glyphosate + glufosinate,40,0.5,ULD,529.279333333335,509.0388665889509,549.5198000777191,XC
3.008666666666706,14,dicamba + glyphosate + glufosinate + DRA 2,40,0.5,ULD,717.5366666666648,697.2961999222807,737.7771334110489,UC
3.383999999999972,15,dicamba + glyphosate + glufosinate + DRA 1,40,0.5,ULD,665.0560000000025,644.8155332556184,685.2964667443866,XC
2.7119999999999753,16,dicamba + glyphosate + glufosinate + clethodim + DRA 2,40,0.5,ULD,694.0266666666673,673.7861999222832,714.2671334110514,XC
2.7539999999999796,17,dicamba + glyphosate + glufosinate + clethodim+ DRA 1,40,0.5,ULD,657.2973333333342,637.0568665889501,677.5378000777183,XC
1.509999999999978,1,water,40,0.3,TTI,785.8033333333442,765.5628665889599,806.0438000777285,UC
1.2826666666665498,2,dicamba,40,0.3,TTI,826.1873333333616,805.9468665889784,846.4278000777448,UC
1.9066666666668923,3,glyphosate,40,0.3,TTI,744.6426666666913,724.4021999223081,764.8831334110745,UC
1.8979999999997827,4,dicamba + glyphosate,40,0.3,TTI,745.0786666666836,724.838199922299,765.3191334110682,UC
1.2020000000000162,5,dicamba + glyphosate + DRA 2,40,0.3,TTI,891.2060000000242,870.9655332556393,911.4464667444091,UC
0.9060000000000521,6,dicamba + glyphosate + clethodim + DRA 2,40,0.3,TTI,877.170000000013,856.9295332556288,897.4104667443972,UC
1.0539999999999348,7,dicamba + glyphosate + clethodim + acetochlor + DRA 2,40,0.3,TTI,844.5800000000208,824.3395332556371,864.8204667444046,UC
1.1719999999999582,8,dicamba + glyphosate + clethodim + *S*-metolachlor + DRA 2,40,0.3,TTI,829.9573333333465,809.7168665889623,850.1978000777307,UC
0.9453333333333354,9,dicamba + glyphosate + DRA 1,40,0.3,TTI,896.3346666666811,876.094199922297,916.5751334110652,UC
1.1226666666666993,10,dicamba + glyphosate + clethodim + DRA 1,40,0.3,TTI,785.4780000000094,765.2375332556251,805.7184667443937,UC
0.9886666666666271,11,dicamba + glyphosate + clethodim + acetochlor + DRA 1,40,0.3,TTI,819.2193333333471,798.9788665889631,839.4598000777311,UC
1.2766666666666764,12,dicamba + glyphosate + clethodim + *S*-metolachlor + DRA 1,40,0.3,TTI,784.8300000000143,764.5895332556303,805.0704667443982,UC
2.6073333333333726,13,dicamba + glyphosate + glufosinate,40,0.3,TTI,719.0780000000129,698.8375332556287,739.3184667443971,UC
1.3640000000000456,14,dicamba + glyphosate + glufosinate + DRA 2,40,0.3,TTI,863.8433333333418,843.6028665889578,884.0838000777258,UC
1.0733333333333115,15,dicamba + glyphosate + glufosinate + DRA 1,40,0.3,TTI,891.8513333333462,871.6108665889622,912.0918000777303,UC
0.8773333333333111,16,dicamba + glyphosate + glufosinate + clethodim + DRA 2,40,0.3,TTI,879.5280000000121,859.2875332556279,899.7684667443963,UC
1.1159999999999752,17,dicamba + glyphosate + glufosinate + clethodim+ DRA 1,40,0.3,TTI,819.2026666666779,798.9621999222938,839.443133411062,UC
1.513999999999963,1,water,40,0.4,TTI,798.9320000000153,778.6915332556313,819.1724667443992,UC
1.0066666666665571,2,dicamba,40,0.4,TTI,885.5620000000291,865.3215332556445,905.8024667444138,UC
1.4266666666669021,3,glyphosate,40,0.4,TTI,810.331333333359,790.0908665889744,830.5718000777435,UC
1.429999999999774,4,dicamba + glyphosate,40,0.4,TTI,798.8933333333479,778.6528665889641,819.1338000777316,UC
0.9313333333333467,5,dicamba + glyphosate + DRA 2,40,0.4,TTI,950.9373333333543,930.6968665889706,971.1778000777381,UC
0.8073333333333574,6,dicamba + glyphosate + clethodim + DRA 2,40,0.4,TTI,904.332666666675,884.0921999222912,924.5731334110587,UC
0.8986666666666,7,dicamba + glyphosate + clethodim + acetochlor + DRA 2,40,0.4,TTI,902.044000000021,881.8035332556368,922.2844667444052,UC
0.8973333333332941,8,dicamba + glyphosate + clethodim + *S*-metolachlor + DRA 2,40,0.4,TTI,899.644000000013,879.4035332556291,919.8844667443968,UC
0.6679999999999985,9,dicamba + glyphosate + DRA 1,40,0.4,TTI,982.8760000000144,962.6355332556303,1003.1164667443985,UC
0.9220000000000319,10,dicamba + glyphosate + clethodim + DRA 1,40,0.4,TTI,858.8440000000099,838.6035332556258,879.084466744394,UC
0.84533333333328875,11,dicamba + glyphosate + clethodim + acetochlor + DRA 1,40,0.4,TTI,863.3093333333481,843.0688665889639,883.5498000777324,UC
1.0000000000000162,12,dicamba + glyphosate + clethodim + *S*-metolachlor + DRA 1,40,0.4,TTI,849.694666666681,829.4541999222968,869.9351334110652,UC
2.0346666666667077,13,dicamba + glyphosate + glufosinate,40,0.4,TTI,763.5493333333446,743.3088665889607,783.7898000777286,UC
0.9246666666667117,14,dicamba + glyphosate + glufosinate + DRA 2,40,0.4,TTI,930.1900000000087,909.9495332556246,950.4304667443928,UC
0.9913333333333082,15,dicamba + glyphosate + glufosinate + DRA 1,40,0.4,TTI,948.0920000000131,927.851533255629,968.3324667443972,UC
0.8446666666666397,16,dicamba + glyphosate + glufosinate + clethodim + DRA 2,40,0.4,TTI,924.0786666666785,903.8381999222944,944.3191334110626,UC
1.1466666666666396,17,dicamba + glyphosate + glufosinate + clethodim+ DRA 1,40,0.4,TTI,829.621333333345,809.3808665889609,849.8618000777291,UC
1.5713333333333224,1,water,40,0.5,TTI,804.7840000000136,784.5435332556294,825.0244667443978,UC
1.1486666666665613,2,dicamba,40,0.5,TTI,900.1313333333604,879.8908665889762,920.3718000777446,UC
1.4593333333335683,3,glyphosate,40,0.5,TTI,845.4506666666907,825.2101999223067,865.6911334110747,UC
1.489333333333121,4,dicamba + glyphosate,40,0.5,TTI,821.908000000015,801.6675332556309,842.1484667443991,UC
0.9986666666666881,5,dicamba + glyphosate + DRA 2,40,0.5,TTI,930.9886666666897,910.7481999223056,951.2291334110738,UC
0.9760000000000484,6,dicamba + glyphosate + clethodim + DRA 2,40,0.5,TTI,920.6806666666755,900.4401999222913,940.9211334110597,UC
0.9799999999999449,7,dicamba + glyphosate + clethodim + acetochlor + DRA 2,40,0.5,TTI,914.3580000000198,894.1175332556357,934.5984667444039,UC
1.1046666666666352,8,dicamba + glyphosate + clethodim + *S*-metolachlor + DRA 2,40,0.5,TTI,901.1406666666787,880.9001999222946,921.3811334110628,UC
0.6740000000000186,9,dicamba + glyphosate + DRA 1,40,0.5,TTI,1002.4726666666811,982.232199922297,1022.7131334110652,UC
1.076000000000046,10,dicamba + glyphosate + clethodim + DRA 1,40,0.5,TTI,863.8726666666747,843.6321999222906,884.1131334110588,UC
0.9213333333333009,11,dicamba + glyphosate + clethodim + acetochlor + DRA 1,40,0.5,TTI,888.5200000000141,868.27953325563,908.7604667443982,UC
1.1566666666666894,12,dicamba + glyphosate + clethodim + *S*-metolachlor + DRA 1,40,0.5,TTI,864.3006666666798,844.0601999222957,884.5411334110639,UC
1.7873333333333832,13,dicamba + glyphosate + glufosinate,40,0.5,TTI,825.4800000000107,805.2395332556266,845.7204667443948,UC
1.0246666666667217,14,dicamba + glyphosate + glufosinate + DRA 2,40,0.5,TTI,946.0520000000068,925.8115332556227,966.2924667443909,UC
0.9066666666666561,15,dicamba + glyphosate + glufosinate + DRA 1,40,0.5,TTI,974.8460000000124,954.6055332556283,995.0864667443965,UC
0.9606666666666535,16,dicamba + glyphosate + glufosinate + clethodim + DRA 2,40,0.5,TTI,921.1500000000108,900.9095332556267,941.3904667443949,UC
1.2473333333333192,17,dicamba + glyphosate + glufosinate + clethodim+ DRA 1,40,0.5,TTI,841.8746666666773,821.6341999222932,862.1151334110614,UC
2.2059999999999658,1,water,40,0.6,TTI,750.2980000000186,730.0575332556348,770.5384667444025,UC
1.7086666666665564,2,dicamba,40,0.6,TTI,830.092666666693,809.8521999223086,850.3331334110775,UC
2.070000000000238,3,glyphosate,40,0.6,TTI,795.000000000024,774.7595332556396,815.2404667444084,UC
2.210666666666457,4,dicamba + glyphosate,40,0.6,TTI,764.1860000000137,743.9455332556297,784.4264667443977,UC
1.300000000000019,5,dicamba + glyphosate + DRA 2,40,0.6,TTI,911.3213333333554,891.0808665889713,931.5618000777395,UC
1.2446666666667112,6,dicamba + glyphosate + clethodim + DRA 2,40,0.6,TTI,892.2433333333411,872.0028665889571,912.483800077725,UC
1.4266666666666044,7,dicamba + glyphosate + clethodim + acetochlor + DRA 2,40,0.6,TTI,851.1180000000197,830.8775332556354,871.358466744404,UC
1.5346666666666318,8,dicamba + glyphosate + clethodim + *S*-metolachlor + DRA 2,40,0.6,TTI,863.238666666681,842.9981999222965,883.4791334110654,UC
0.9526666666666717,9,dicamba + glyphosate + DRA 1,40,0.6,TTI,949.5853333333463,929.3448665889623,969.8258000777303,UC
1.438666666666703,10,dicamba + glyphosate + clethodim + DRA 1,40,0.6,TTI,817.0953333333423,796.8548665889583,837.3358000777263,UC
1.3973333333332976,11,dicamba + glyphosate + clethodim + acetochlor + DRA 1,40,0.6,TTI,821.7566666666785,801.5161999222942,841.9971334110628,UC
1.7253333333333516,12,dicamba + glyphosate + clethodim + *S*-metolachlor + DRA 1,40,0.6,TTI,806.2486666666788,786.0081999222947,826.4891334110629,UC
2.4346666666667076,13,dicamba + glyphosate + glufosinate,40,0.6,TTI,785.7046666666779,765.4641999222938,805.945133411062,UC
1.237333333333387,14,dicamba + glyphosate + glufosinate + DRA 2,40,0.6,TTI,916.7293333333413,896.4888665889571,936.9698000777255,UC
1.2413333333333183,15,dicamba + glyphosate + glufosinate + DRA 1,40,0.6,TTI,937.0240000000125,916.7835332556284,957.2644667443966,UC
1.4099999999999804,16,dicamba + glyphosate + glufosinate + clethodim + DRA 2,40,0.6,TTI,869.1120000000116,848.8715332556275,889.3524667443957,UC
1.2686666666666526,17,dicamba + glyphosate + glufosinate + clethodim+ DRA 1,40,0.6,TTI,857.4820000000105,837.2415332556265,877.7224667443946,UC
